compra_renta,tipo,precio,superficie,municipio
Renta,Casa en Renta Las Hadas Escobedo N.L,"$10,500",,Las Hadas
Renta,CASA EN RENTA PUERTA DE HIERRO (PRIVADA IBERUS),"$24,500",,Residencial Puerta de Hierro
Renta,"Casa amueblada en renta Paseo Amberes, Guadalupe, N.L.","$11,000",,N.L.
Renta,DEPARTAMENTO EN RENTA KYO ALUNA EN MONTERREY,"$22,500",1 m²,Centro
Renta,DEPARTAMENTO AMUEBLADO EN RENTA EN TORRE CENTRIKA ELITE MONTERREY NUEVO LEON,"$22,000",99 m²,Centrika
Renta,CASA EN RENTA EN GUADALUPE PEDREGAL DE GUADALUPE,"$6,000",1 m²,Pedregal de Guadalupe
Renta,DEPARTAMENTO EN RENTA EN MONTERREY NUEVO SUR 1 RECAMARA AMUEBLADO,"$22,000",1 m²,Ladrillera
Renta,CASA EN RENTA EN APODACA ALTARIA RESIDENCIAL EQUIPADA CON TERRENO EXCEDENTE,"$11,500",1 m²,Sebastián Elizondo II
Renta,"Casa en condominio en renta en Paseo Amberes, Guadalupe, Nuevo León","$11,000",105 m²,N.L.
Renta,"Casa en condominio en renta en Mirasur, General Escobedo, Nuevo León","$9,000",233 m²,Mirasur
Renta,"Casa en Renta Amueblada Santoral 4 habitaciones, García","$23,000",,N.L.
Renta,"Casa en renta Cumbres Provenza Tierra, García","$12,500",,Dominio Cumbres
Renta,Casa en Renta Montealban Residencial cerca del Uro en Monterrey,"$42,000",,Quince de Mayo (Larralde)
Renta,"Casa en Renta Montealban Residencial cerca HEB Uro, Monterrey","$36,500",,Monterrey
Renta,"Casa en Renta Carretera Nacional en Montealban Residencial, Monterrey","$42,000",,Monterrey
Renta,"Casa en Renta en Apodaca, cerca a Citadel y Paseo La Fé","$12,500",,Valle del Pedregal
Renta,Hermoso departamento  equipado,"$15,500",,Contry
Renta,"Casa de 1 piso, en Villa Las Fuentes, Sur, Monterrey","$20,000",160 m²,Villa Las Fuentes
Renta,Depa en RENTA 1 rec con terraza Centro de Monterrey Torre La Capital,"$17,227",,Centro
Renta,Departamento  en renta 2 rec 1 baño zona centro Monterrey,"$22,000",,Centro
Renta,CASA EN RENTA APODACA,"$9,000",130 m²,N.L.
Renta,Departamento en RENTA 2 Rec 1 Baños NO AMUEBLADO La Capital Centro Monterrey,"$21,428",,Centro
Renta,Casa - Obispado,"$185,000",1200 m²,Bosquencinos
Renta,Casa en Renta Semiamueblada Residencial Santa Sofia Apodaca,"$10,400",,Privalia Huinalá
Renta,Renta Departamento en Santa Catarina en Torre Jardin Secreto cercano a Consulado Americano,"$25,419",,Sin Nombre de Col 25
Renta,Hermosa Casa en RENTA en Cumbres Cerradas,"$19,000",,Monterrey
Renta,Departamento - Del Valle,"$18,000",,Del Valle
Renta,Casa en Renta en Ciénega de Flores,"$30,000",522 m²,Ciénega de Flores
Renta,LZ RENTA DE CASA EN PRIVALIA HUINALA,"$7,500",96 m²,Privalia Huinalá
Renta,CASA EN RENTA PUERTA DE HIERRO,"$12,800",124 m²,Monterrey
Renta,CASA EN RENTA PASEO DEL VERGEL,"$23,000",112 m²,Paseo Del Vergel
Renta,CASA EN RENTA GRAN RESERVA SECTOR HIMALAYA,"$20,000",,N.L.
Renta,DEPARTAMENTO EN RENTA COLONIA LOMAS-CHEPEVERA,"$9,500",,Lomas
Renta,CASA EN RENTA PUERTA DE HIERRO (PRIVADA ARAGÓN),"$20,000",150 m²,Monterrey
Renta,CASA EN RENTA PUERTA DE HIERRO (PRIVADA IBERUS),"$24,500",,Residencial Puerta de Hierro
Renta,CASA EN RENTA CERRADAS DE CUMBRES,"$12,500",,Cerradas de Cumbres Sector Norte
Renta,CASA EN RENTA ZONA CUMBRES,"$18,000",,Hacienda Mitras
Renta,Casa en Renta Col PASEO DE CUMBRES MONTERREY NUEVO LEON,"$23,500",166 m²,Paseo de Cumbres 1er Sector
Renta,Casa en Renta Col Vistas de las Mitras Garcia Nuevo Leon,"$6,000",98 m²,N.L.
Renta,Casa en Renta Col Triana Apodaca NL,"$7,900",,Triana
Renta,CASA EN RENTA PRIVADAS DE SANTA ROSA,"$8,000",,Privadas de Santa Rosa
Renta,Casa en renta Apodaca Centro Aeropuerto,"$14,000",,Cd Apodaca
Renta,CASA EN RENTA TOTALMENTE NUEVA; AMUEBLADA EN PARAJE SANTA ROSA,"$12,000",95 m²,Paraje Santa Rosa
Renta,CASA RENTA  VISTANCIA 2 SECTOR CARRETERA NACIONAL EN MONTERREY,"$42,500",200 m²,Monterrey
Renta,Casa Cumbres Samsara Garcia Nuevo Leon,"$17,000",,N.L.
Renta,RENTA DE DEPARTAMENTO ZONA TEC,"$21,000",60 m²,Tecnológico
Renta,Renta Departamento en Santa Catarina en Torre Jardin Secreto cercano a Consulado Americano,"$25,419",,Sin Nombre de Col 25
Renta,"CASA EN RENTA EN ESTANZA RESIDENCIAL, MTY, N.L.","$30,000",,Pedregal La Silla
Renta,Departamentos en Renta Tec Monterrey,"$8,500",,Tecnológico
Renta,Casa en Renta Capellania Residencial Apodaca,"$11,500",,Cd Apodaca
Renta,Departamento en Renta Monterrey Centro,"$9,000",,Maria Luisa
Renta,Casa en Renta Puerta del Sol en Escobedo,"$10,000",,Paseo Real 1er Sector
Renta,Casa en Renta Puerta de Hierro Monterrey,"$23,000",,Monterrey
Renta,Casa en Renta Las Hadas Escobedo N.L,"$10,500",,Las Hadas
Renta,Casa en Renta Cumbres Madeiras Monterrey,"$24,000",,Cumbres Madeira
Renta,CASA EN RENTA pet friendly PUERTA DE HIERRO CUMBRES MONTERREY,"$17,500",133 m²,Residencial Puerta de Hierro
Renta,CASA EN RENTA equipada y pet friendly por cumbres del sol CUMBRES PLATINUM,"$24,000",128 m²,Cumbres del Sol
Renta,CASA EN RENTA equipada y pet friendly MITRAS BICENTENARIO GARCIA,"$8,000",73 m²,Mitras Bicentenario
Renta,CASA EN RENTA pet friendly por tampiquito y valle CAPISTRANO SAN PEDRO,"$29,000",120 m²,Zona Tampiquito
Renta,CASA EN RENTA pet friendly CERRADAS DE CUMBRES MONTERREY,"$14,600",129 m²,Cerradas de Cumbres
Renta,DEPARTAMENTO penthouse en RENTA pet friendly VEREDALTA ZONA VALLE SAN PEDRO,"$130,000",,Punto Central
Renta,DEPARTAMENTO EN RENTA NUEVA MADERO MONTERREY,"$7,000",,Nueva Madero
Renta,"CASA AMUEBLADA EN ESCOBEDO, CAMPO AMOR","$16,500",,Cd Gral Escobedo
Renta,HERMOSA QUINTA CON CASA EN RENTA MARIN NUEVO LEON,"$20,000",,Marín
Renta,CASA NUEVA EN RENTA EQUIPADA EN KATAVIA APODACA,"$22,000",,N.L.
Renta,CASA EN RENTA AMUEBLADA EN PRIVENZA APODACA,"$15,000",,N.L.
Renta,CASA SEMIAMUEBLADA ALMERIA APODACA,"$9,500",,Almería
Renta,HERMOSA CASA EN RENTA AMUEBLADA EN PARAJE SANTA ROSA APODACA,"$12,000",,N.L.
Renta,CASA EN RENTA pet friendly PUERTA DE HIERRO CUMBRES MONTERREY,"$17,500",133 m²,Residencial Puerta de Hierro
Renta,CASA RENTA  VISTANCIA 2 SECTOR CARRETERA NACIONAL EN MONTERREY,"$42,500",200 m²,Monterrey
Renta,"Casa de 1 piso, en Villa Las Fuentes, Sur, Monterrey","$20,000",160 m²,Villa Las Fuentes
Renta,DEPARTAMENTO AMUEBLADO EN RINCONADA APODACA,"$8,500",,N.L.
Renta,CASA EN RENTA EN SAN NICOLAS,"$8,500",,Constituyentes de Queretaro 5o Sector
Renta,CASA EN RENTA EN PRIVADA EN PUERTA DE HIERRO,"$17,500",133 m²,Monterrey
Renta,Casa en renta en Valle Azul Apodaca amueblada ideal para 5 personas,"$12,500",105 m²,Valle Azul
Renta,"Casa en renta en Valle Azul, Apodaca Nuevo León frente a parque","$10,000",105 m²,N.L.
Renta,CARRETERA NACIONAL CASA EN RENTA O VENTA RESIDENCIAL CLUB DE GOLF LA HERRADURA.,"$55,000",620 m²,Sin Nombre de Col 51
Renta,"CASA AMUEBLADA EN RENTA, CERCA DEL AEROPUERTO, APODACA, N.L.","$14,000",,Apodaca Centro
Renta,"ZONA SUR CASA EN RENTA EN PRIVADAS DEL PASEO, MONTERREY, N.L.","$38,000",207 m²,Lomas del Paseo
Renta,"DEPARTAMENTO EN RENTA COMPLETAMENTE AMUEBLADO EN BOSQUES DE LA PASTORA, GPE, NL","$15,000",,Bosques de La Pastora 2o Sector
Renta,"ZONA TEC DEPARTEMENTO EN RENTA AMUEBLADO EN NUEVO SUR, MONTERREY, N.L.","$22,000",,Ladrillera
Renta,1 Recamara equipado y excelentes amenidades area Tec de Monterrey,"$22,000",,Ladrillera
Renta,Zona Tec -Departamento de 1 Recamara con excelentes amenidades,"$22,000",,Lth
Renta,Departamento 2 Recamaras equipado  a 5 min del Tec.,"$32,000",,Ladrillera
Renta,2 Recamaras centro de Monterrey con excelentes amenidades,"$22,000",,Centro
Renta,Deparatmento Loft con excelentes amenidades,"$14,700",,Centro
Renta,1 Recamara centro de Monterrey con excelentes amenidades,"$19,027",,Centro
Renta,RENTA DE CASA CONTRY SOL GUADALUPE N.L.,"$32,000",250 m²,Contry Sol
Renta,RENTA DE DEPARTAMENTO ZONA TEC,"$21,000",60 m²,Tecnológico
Renta,RZ RENTA DE SUITES AMUEBLADA EN SAN PEDRO,"$18,000",33 m²,Fuentes del Valle
Renta,RZ RENTA DE DEPARTAMENTO EN SAN PEDRO,"$25,000",60 m²,Fuentes del Valle
Renta,Casa en Renta Amueblada en El Uro,"$99,000",2000 m²,Col. El Uro
Renta,CASA SEMIAMUEBLADA ALMERIA APODACA,"$9,500",,Almería
Renta,CASA HABITACION EN RENTA EN ESCOBEDO NL COL. PRIVADAS DEL CANADA / SECTOR ONTARIO /PRIVADA/ESQUINA/,"$19,500",168 m²,Cd Gral Escobedo
Renta,RZ RENTA DE SUITE EN SAN PEDRO,"$17,500",28 m²,Fuentes del Valle
Renta,RENTA DE CASA EN DOMINIO CUMBRES,"$16,500",122 m²,N.L.
Renta,Casa - Las Lomas Sector Bosques,"$13,000",96 m²,Las Lomas Sector Bosques
Renta,Departamento - Residencial Santa Fé,"$18,000",,Los Cristales 1er Sector
Renta,Departamento  RENTA 2 rec 1 baños NO Amueblado LATITUD Valle Oriente San Pedro,"$29,380",,Ampliación Valle del Mirador
Renta,Casa en renta en Valle de Huinalá Apodaca Nuevo León a 5 min de Metalsa,"$6,000",105 m²,Valle de Huinala ÌII
Renta,"PRO5500 Casas en Renta, Terrazas en Guadalupe","$12,000",105 m²,Lomas de San Roque
Renta,Casa en Renta en Valle Azul Apodaca Nuevo León Frente a Parque.,"$10,000",112 m²,Valle Azul
Renta,Casa en renta en Valle Azul Apodaca Nuevo León a 5 minutos del centro de Apodaca.,"$9,500",112 m²,Valle Azul
Renta,Casa en renta Valle Azul Apodaca Nuevo León lista para habitar,"$8,500",112 m²,Valle Azul
Renta,"Casa en renta, en Juarez.N.L.","$15,000",,Lomas del Sol
Renta,Departamento en RENTA Nuevo Sur cerca de tec de monterrey,"$22,000",,Ladrillera
Renta,CASA EN RENTA EN ESTANZA RESIDENCIAL MTY NL,"$30,000",,Pedregal La Silla
Renta,DEPARTAMENTO EN RENTA EN TORRE NAVE 01 APODACA NL,"$15,000",,El Milagro
Renta,"DEPARTAMENTO EN RENTA EN TORRE NAVE 01, APODACA, N.L.","$15,000",,El Milagro
Renta,"CASA EN RENTA EN ESTANZA RESIDENCIAL, MTY, N.L.","$30,000",,Pedregal La Silla
Renta,"DEPARTAMENTO EN RENTA EN TORRE NAVE 01, APODACA, N.L.","$16,500",,El Milagro
Renta,Departamento tipo loft en RENTA Torre LATITUD  VALLE ORIENTE San Pedro Monterrey,"$20,760",,Ampliación Valle del Mirador
Renta,RENTA de CASA en RESIDENCIAL MEDEROS Zona Contry MONTERREY NL,"$16,000",190 m²,Residencial Mederos
Renta,Casa en Renta Cumbres Madeiras Monterrey,"$24,000",,Cumbres Madeira
Renta,Casa en Renta Las Hadas Escobedo N.L,"$10,500",,Las Hadas
Renta,Departamento  RENTA 2 rec 1 baños NO Amueblado LATITUD Valle Oriente San Pedro,"$29,380",,Ampliación Valle del Mirador
Renta,Departamento loft en RENTA Torre La Capital zona centro Monterrey,"$14,050",,Centro
Renta,Renta casa Centro de Monterrey Nuevo Leon,"$13,600",,Centro
Renta,DEPARTAMENTO EN RENTA EN TORRE NAVE 01 APODACA NL,"$15,000",,El Milagro
Renta,CASA EN RENTA EN KATAVIA RESIDENCIAL APODACA NL,"$18,500",,N.L.
Renta,"Casa en Renta - Bosques de Linsa Vista, San Nicolás de los Garza","$20,000",300 m²,Talaverna Croc
Renta,Casa en Renta Semiamueblada Residencial Santa Sofia Apodaca,"$10,400",,Privalia Huinalá
Renta,RENTA CASA EQUIPADA Y AMUEBLADA EN DREAMS LAGOONS APODACA NL,"$16,500",,Cd Apodaca
Renta,"Casa amueblada en renta Paseo Amberes, Guadalupe, N.L.","$11,000",,N.L.
Renta,Casa en renta en Valle de las Cumbres Monterrey,"$8,500",,"Valle de Las Cumbres, 1er Sector"
Renta,Hermoso Loft en San Pedro en zona UDEM,"$8,500",,Los Sauces 2o Sector
Renta,Casa en Renta en Deportivo Huinalá Mundialista en Apodaca,"$9,500",105 m²,Cd Apodaca
Renta,Renta Departamento en Santa Catarina en Torre Jardin Secreto cercano a Consulado Americano,"$25,419",,Sin Nombre de Col 25
Renta,Casa en Renta Lagos del Vergel,"$55,000",360 m²,Campestre Bugambilias
Renta,Loft Prados de la Sierra,"$9,000",18 m²,Prados de La Sierra
Renta,Casa en Renta en Col Arbado en Apodaca,"$15,000",142 m²,Santa Cecilia
Renta,CASA EN RENTA EL ENCANTO ZONA CARRETERA NACIONAL MONTERREY,"$25,500",156 m²,Pedregal La Silla
Renta,BONITO DEPARTAMENTO EN RENTA,"$21,000",,Chepevera
Renta,"DEPARTAMENTO EN RENTA, ARENA VIVE; ZONA CENTRO","$25,000",,Acero
Renta,Bonita  Casa en Renta  Cumbres Elite Premier,"$23,000",156 m²,N.L.
Renta,Depa en Renta Amueblado y Equipado a 5 min de San Pedro Deda 4,"$11,500",,Las Torres
Renta,DEPARTAMENTO EN RENTA SEMIEQUIPADO MITRAS NORTE,"$18,500",,Mitras Centro
Renta,Casa - Las Lomas Sector Bosques,"$13,000",96 m²,Las Lomas Sector Bosques
Renta,Departamento en RENTA Nuevo Sur cerca de tec de monterrey,"$22,000",,Ladrillera
Renta,"Depa en Renta Amueblado y Equipado a 5 min de San Pedro $10,400  DEP2","$10,400",320 m²,Las Torres
Renta,DEPARTAMENTO EN RENTA AMUEBLADO ESCOBEDO,"$11,000",,Escobedo Residencial
Renta,CASA EN RENTA BOSQUES DE LAS CUMBRES 1er SECTOR,"$30,000",,Bosques de Las Cumbres
Renta,Renta Casa Paseo de Cumbres,"$16,500",131 m²,Cumbres Madeira
Renta,Casa en Renta Privalia Huinala Apodaca Nuevo León,"$7,700",,Privalia Huinalá
Renta,TERRENO EN RENTA EN VASCONCELOS SAN PEDRO GARZA GARCIA,"$43,000",,Casco Urbano
Renta,CASA HABITACION EN RENTA EN ESCOBEDO NL COL. PRIVADAS DEL CANADA / SECTOR ONTARIO /PRIVADA/ESQUINA/,"$19,500",168 m²,Cd Gral Escobedo
Renta,DEPARTAMENTO EN VENTA EN TORRE NAVE APODACA NL,"$2,200,000",,El Milagro
Renta,DEPARTAMENTO penthouse EN RENTA cerca de valle oriente y fundadores JARDINES DEL PASEO,"$69,000",,Colonia Miguel Hidalgo
Renta,CASA EN RENTA  EN VILLA LAS FUENTES,"$14,000",110 m²,Cortijo del Río
Renta,"CASA EN RENTA EN PRIVADA SAN ANGEL GUADALUPE,RUIZ CORTINES, DULCES NOMBRES","$10,500",104 m²,N.L.
Renta,"Casa en Renta en Cumbres Santa Clara, Monterrey, N.L.","$17,500",175 m²,Cumbres de Santa Clara
Renta,Departamento TEC,"$11,000",,Monterrey
Renta,Loft San Pedro Valle Oriente Magma Towers,"$33,000",,Haciendas de La Sierra
Renta,Se renta departamento en zona TEC,"$35,000",120 m²,Ladrillera
Renta,CASA EN RENTA - Casa Pedregal La Silla,"$29,800",153 m²,Predio Creplan
Renta,Departamento Amueblado en Centro de Guadalupe Nuevo Leon,"$19,500",,Guadalupe
Renta,DEPARTAMENTO EN RENTA EN MONTERREY PASEO SANTA LUCIA LOFT SIN MUEBLES,"$15,706",40 m²,Centro
Renta,"Renta de casa en Faisanes, sector Dorado en Guadalupe Nuevo León","$11,000",115 m²,Los Faisanes Sector El Dorado
Renta,Renta Casa Paseo de Cumbres,"$16,500",131 m²,Cumbres Madeira
Renta,Departamento TEC,"$11,000",,Monterrey
Renta,CASA EN RENTA AMUEBLADA EN PRIVENZA APODACA,"$15,000",,N.L.
Renta,"Casa sola en renta en Residencial Terranova, Juárez, Nuevo León","$6,000",80 m²,Terranova Residencial
Renta,"Casa sola en renta en Residencial Terranova, Juárez, Nuevo León","$7,500",90 m²,Terranova Residencial
Renta,"Casa en condominio en renta en Privadas de Anáhuac Sector Español, General Escobedo, Nuevo León","$19,000",120 m²,Privadas de Anáhuac
Renta,"Departamento en renta en Prados de La Cieneguita, Apodaca, Nuevo León","$4,200",,Prados de La Cieneguita
Renta,"Casa en condominio en renta en Modena, Apodaca, Nuevo León","$7,900",90 m²,N.L.
Renta,"Casa sola en renta en Hacienda los Encinos, Apodaca, Nuevo León","$11,000",90 m²,Hacienda Las Palmas II
Renta,"Casa en Renta Amueblada Residencial Aviana, Escobedo","$12,500",,Sin Nombre de Col 15
Renta,"Departamento Amueblado de 3 recamaras  en Renta, Portal del Norte.","$15,000",,Portal del Norte
Renta,"Loft Amueblado en Renta Cumbres Allegro en Amairé, Monterrey, N.L","$14,000",,Monterrey
Renta,"Casa en Renta en Cumbres Altrysa Residencial Equipada, García","$14,500",,N.L.
Renta,"Casa en Renta, Puerta de Hierro, Balcones Sur, Monterrey","$17,500",,Residencial Puerta de Hierro
Renta,Departamento en renta Cumbres 1° sec Monterrey,"$10,000",,Paseo de Cumbres 1er Sector
Renta,"CASA RENTA EN CERRADAS CONCORDIA, APODACA N.L","$13,500",135 m²,Residencial La Hacienda
Renta,DEPARTAMENTO EN RENTA EN TORRES DE LINDA VISTA,"$9,500",,Ribera de La Purísima
Renta,Casas Renta Monterrey Zona Valle 27-CR-4149,"$22,500",338 m²,Balcones del Carmen
Renta,Departamentos Renta Monterrey Zona Chepevera 27-DR-4118,"$21,000",140 m²,Chepevera
Renta,Departamentos Renta Monterrey Zona Chepevera 27-DR-4115,"$21,000",120 m²,Chepevera
Renta,Casas Renta Apodaca  27-CR-4236,"$12,500",128 m²,N.L.
Renta,CASA EN RENTA APODACA,"$11,300",130 m²,Almería
Renta,OFICINA EN RENTA CENTRO DE MONTERREY,"$7,000",,Centro
Renta,CASA EN RENTA PUERTA DE HIERRO (PRIVADA ARAGÓN),"$20,000",150 m²,Monterrey
Renta,TERRENO EN RENTA EN VASCONCELOS SAN PEDRO GARZA GARCIA,"$43,000",,Casco Urbano
Renta,Hermoso departamento  equipado,"$15,500",,Contry
Renta,Casas Renta García Zona Cumbres 24-CR-6794,"$13,600",122 m²,N.L.
Renta,Casas Renta Monterrey Zona Cumbres 24-CR-6777,"$16,800",171 m²,Colonial Cumbres
Renta,Casas Renta Monterrey Zona Cumbres 24-CR-6832,"$12,000",180 m²,Los Cedros
Renta,Departamentos Renta Monterrey Zona Valle 27-DR-4352,"$35,000",98 m²,Centro
Renta,Departamentos Renta Monterrey Zona Centro 27-DR-4358,"$17,000",70 m²,Centro
Renta,Casa en renta colinas de san Jeronimo,"$45,000",180 m²,Colinas de San Jerónimo
Renta,DEPARTAMENTO EN RENTA COLINAS DE SAN JERONIMO,"$15,000",100 m²,Colinas de San Jerónimo
Renta,DEPARTAMENTO EN RENTA COLINAS DE SAN JERONIMO,"$32,000",190 m²,Monterrey
Renta,CASA EN RENTA CUMBRES,"$20,000",200 m²,Burócratas del Estado
Renta,DEPARTAMENTO EN RENTA SAN JERONIMO,"$24,600",110 m²,San Jerónimo
Renta,DEPARTAMENTO EN RENTA MAGMA TOWERS,"$32,000",85 m²,Haciendas de La Sierra
Renta,CASA EN RENTA VALLE DEL SEMINARIO,"$23,600",220 m²,Valle del Seminario 2o Sector
Renta,Casa renta cumbres privada dominio,"$14,500",125 m²,Dominio Cumbres
Renta,DEPARTAMENTO EN RENTA COL DOCTORES,"$25,500",160 m²,Los Doctores
Renta,CASA EN RENTA CUMBRES 3 ER SECTOR,"$15,000",180 m²,Cumbres 3o. Sector
Renta,DEPARTAMENTO EN RENTA VALLE TORRE ARCANGELES,"$40,500",130 m²,Zona Loma Larga Poniente
Renta,CASA EN RENTA COL VALLE DEL SEMINARIO,"$27,000",200 m²,Valle del Seminario 2o Sector
Renta,Casas Renta San Pedro Garza García Zona Valle 27-CR-4411,"$29,500",126 m²,Palo Blanco
Renta,Casas Renta Santa Catarina Zona Santa Catarina 27-CR-4416,"$12,500",120 m²,Bosques del Poniente
Renta,Departamentos Renta Santa Catarina Zona Santa Catarina 27-DR-4427,"$19,500",60 m²,Sin Nombre de Col 22
Renta,BONITO DEPARTAMENTO EN RENTA,"$21,000",,Chepevera
Renta,"Casa en Renta Carretera Nacional en Montealban Residencial, Monterrey","$42,000",,Monterrey
Renta,CASA EN RENTA APODACA,"$9,000",130 m²,N.L.
Renta,Departamentos Renta San Pedro Garza García Zona Valle 27-DR-4454,"$25,500",70 m²,Haciendas de La Sierra
Renta,Departamentos Renta Santiago Zona Carr. Nacional 27-DR-4458,"$10,800",60 m²,Las Misiones
Renta,"PRO5234 Casas en Renta, Punta Esmeralda en Juarez","$8,500",90 m²,Residencial Punta Esmeralda
Renta,Casas Renta Monterrey Zona Cumbres 27-CR-4489,"$13,500",134 m²,Monterrey
Renta,Casas Renta García Zona Cumbres 27-CR-4534,"$14,500",120 m²,Dominio Cumbres
Renta,Casas Renta Santa Catarina Zona Santa Catarina 27-CR-4526,"$18,500",117 m²,Los Treviño
Renta,Departamentos Renta San Pedro Garza García Zona Valle 27-DR-4515,"$37,000",206 m²,Zona de La Sierra Madre
Renta,Departamentos Renta San Pedro Garza García Zona Valle 27-DR-4518,"$58,000",244 m²,Lomas del Valle
Renta,Departamentos Renta San Pedro Garza García  27-DR-4516,"$60,000",265 m²,Residencial Santa Barbara
Renta,Casas Renta Monterrey  27-CR-4524,"$23,000",156 m²,Acueducto Satélite
Renta,Casa - Valle de Cumbres,"$16,000",126 m²,Valle de Cumbres
Renta,Casa - Fraccionamiento Altrysa,"$11,500",119 m²,Dominio Cumbres
Renta,Casa en Renta en Monterrey en Fraccionamiento Gran Reserva Sector HIMALAYA,"$20,300",148 m²,N.L.
Renta,Casa - La Primavera 1 Sector,"$20,000",220 m²,Ladrillera
Renta,Departamento - Santa Catarina,"$20,800",,El Lechugal
Renta,Departamento - Apodaca,"$13,900",,Valle de Huinala II
Renta,Casa - Cumbres,"$15,000",105 m²,N.L.
Renta,Casa - Monterrey,"$18,500",230 m²,Dominio Cumbres
Renta,Casa - Fraccionamiento Montenova,"$18,900",160 m²,N.L.
Renta,RA RENTA DE DEPARTAMENTO EN NUEVO SUR,"$20,000",59 m²,Lth
Renta,"Casa en Renta Amueblada Santoral 4 habitaciones, García","$23,000",,N.L.
Renta,Casa en Renta en Valle Azul Apodaca Nuevo León Frente a Parque.,"$10,000",112 m²,Valle Azul
Renta,Departamento loft en RENTA Torre La Capital zona centro Monterrey,"$14,050",,Centro
Renta,AS RENTA DE CASA EN CONTRY DEL SOL EN GUADALUPE,"$32,000",250 m²,Contry Sol
Renta,RENTA  DEPARTAMENTO KERENDA VALLE PONIENTE,"$30,000",,Sin Nombre de Col 25
Renta,CASA AMUEBLADA  EN RENTA TOSCANA RESIDENCIAL(DOMINIO CUMBRES),"$15,000",105 m²,N.L.
Renta,CASA EN RENTA MISION SAN JOSE APODACA,"$9,500",,Cd Apodaca
Renta,Casa Habitacional o para oficinas en RENTA con alberca Carr Nacional  Monterrey,"$65,000",4000 m²,Sin Nombre de Col 51
Renta,Bodega en renta en Carretera Miguel Aleman km 38 Marin,"$50,000",1500 m²,Marín
Renta,CASA EN RENTA HACIENDA DE LAS FLORES CIENEGA DE FLORES NL,"$11,000",294 m²,Ciénega de Flores
Renta,"Casa en Renta Col. CENTRIKA HUINALA, Apodaca, Nuevo León","$13,000",98 m²,Villa de San Carlos 2o Sector
Renta,CASA EN RENTA Col MITRAS PONIENTE GARCIA NL,"$8,500",,Mitras Poniente
Renta,CASA EN RENTA Col EL QUETZAL GUADALUPE NL,"$12,000",105 m²,El Quetzal
Renta,Casa en Renta Col San Miguel II Apodaca Nuevo Leon,"$8,000",90 m²,San Miguel
Renta,CASA EN RENTA Col CUMBRES PROVENZA SECT AQUA MONTERREY NL,"$16,500",119 m²,N.L.
Renta,Casa en RENTA Col COLONIA PALMAS IV SEC APODACA NL,"$9,000",,Cd Apodaca
Renta,Casa en RENTA para Negocio u Oficinas Col Apodaca Centro Apodaca NL,"$15,500",137 m²,Apodaca Centro
Renta,RENTA DE TOWNHOUSE Col CONDOCASA CUMBRES MONTERREY NL,"$16,000",98 m²,Condocasa Cumbres
Renta,Departamento en Renta Col Mitras Centro Monterrey NL,"$18,500",79 m²,Mitras Centro
Renta,CASA EN RENTA EN MITRAS CENTRO,"$55,000",500 m²,Mitras Centro
Renta,CASA VENTA VALLE/RÍOS (amueblada y equipada),"$180,000",400 m²,Del Valle
Renta,CASA EN VENTA EN VALLE RÍOS,"$180,000",400 m²,Del Valle
Renta,"DEPARTAMENTO EN RENTA EN DISTRITO DOMO, SANTA CATARINA","$22,500",,El Lechugal
Renta,Se renta departamento en zona TEC,"$35,000",120 m²,Ladrillera
Renta,"Casa en Renta en Apodaca, cerca a Citadel y Paseo La Fé","$12,500",,Valle del Pedregal
Renta,Depa en RENTA 1 rec con terraza Centro de Monterrey Torre La Capital,"$17,227",,Centro
Renta,CASA EN RENTA EN PRIVADA DE LA FUENTE POR AVENIDA LA LUZ EN MONTERREY,"$22,000",144 m²,Lomas de Satélite
Renta,Departamento en Renta Tecnológico de Mty. N.L.,"$8,500",,Tecnológico
Renta,Casa en Renta Cumbres Elite Monterrey,"$17,500",,Monterrey
Renta,EXCELENTE CASA AMUEBLADA EN RENTA COL LOS PARQUES DIAMANTE GARCIA N L,"$10,000",,Parques Diamante
Renta,Casa en Renta Miravista Escobedo N.L.,"$15,000",,Jardines del Cañada
Renta,Departamento en Renta Centro de Monterrey,"$8,000",,Loma Larga
Renta,Casa en Renta Privalia Concordia Apodaca N.L.,"$10,000",,Cd Apodaca
Renta,Casa en Renta Amueblada en Los Alebrijes Escobedo,"$12,000",,N.L.
Renta,DEPARTAMENTO AMUEBLADO EN RENTA EN TORRE ATRIA,"$42,000",,Residencial Santa Barbara
Renta,"CASA AMUEBLADA EN RENTA EN ANAHUAC, SAN PATRICIO","$23,000",,Cd Gral Escobedo
Renta,"DEPARTAMENTO EN RENTA EN ARBOLEDA, TORRE NUBE/VILLAS","$90,000",,Valle del Campestre
Renta,DEPARTAMENTO EN RENTA EN DEL VALLE,"$55,000",,Del Valle
Renta,"DEPARTAMENTO EN RENTA EN LOVFT, VALLE PONIENTE","$20,000",,Santa Catarina
Renta,DEPARTAMENTO EN RENTA EN CENTRITO,"$18,000",,San Pedro Garza García
Renta,CASA EN RENTA EN PUERTA DE HIERRO,"$17,500",133 m²,Monterrey
Renta,"CASA EN RENTA EN CUMBRES, PUERTA DE HIERRO","$20,500",,Monterrey
Renta,DEPARTAMENTO EN RENTA EN LA MESETA,"$28,800",,Dinastía
Renta,DEPARTAMENTO EN RENTA EN TORRE KYO MIDTOWN,"$19,000",,Centro
Renta,CASA EN RENTA EN RESIDENCIAL LA ESCONDIDA,"$25,000",200 m²,Residencial La Escondida
Renta,CASA EN RENTA EN ALTRYSA,"$15,600",133 m²,Paseo de las Minas
Renta,CASA EN RENTA APODACA,"$9,000",130 m²,N.L.
Renta,CASA NUEVA EN RENTA EQUIPADA EN KATAVIA APODACA,"$22,000",,N.L.
Renta,"CASA EN RENTA EN PRIVADA SAN ANGEL GUADALUPE,RUIZ CORTINES, DULCES NOMBRES","$10,500",104 m²,N.L.
Renta,"DEPARTAMENTO EN RENTA EN DISTRITO DOMO, SANTA CATARINA","$24,000",,El Lechugal
Renta,DEPARTAMENTO EN RENTA EN EL LECHUGAL,"$22,000",,El Lechugal
Renta,DEPARTAMENTO AMUEBLADO EN RENTA EN SANTA CATARINA,"$28,500",,Rincón de las Huertas
Renta,DEPARTAMENTO EN RENTA EN ZONA CENTRO,"$30,000",,Centro
Renta,CASA EN RENTA EN SAN PEDRO,"$22,500",,Valle de Vasconcelos
Renta,DEPARTAMENTO EN RENTA EN SAN JERÓNIMO,"$25,000",,Colinas de San Jerónimo
Renta,CASA EN RENTA EN PRIVADAS DEL PASEO,"$38,000",207 m²,Lomas del Paseo
Renta,DEPARTAMENTO EN RENTA EN CENTRITO VALLE,"$18,500",,San Pedro Garza García
Renta,DEPARTAMENTO EN RENTA EN CENTRITO VALLE,"$15,000",,San Pedro Garza García
Renta,DEPARTAMENTO EN RENTA AMUEBLADO pet friendly avenida vasconcelos DEL VALLE SAN PEDRO,"$18,000",,Del Valle Sector Fátima
Renta,CASA EN RENTA EQUIPADA LAS LOMAS SECTOR BOSQUES GARCIA,"$11,000",119 m²,Las Lomas Sector Bosques
Renta,CASA EN RENTA SEMI AMUEBLADA por provenza y dominio CUMBRES LA RIOJA GARCIA,"$12,450",134 m²,N.L.
Renta,DEPARTAMENTO EN RENTA cerca la huasteca y valle poniente HUASTECA LIVING SANTA CATARINA,"$12,000",,Pedregal de la Huasteca
Renta,DEPARTAMENTO EN RENTA por avenida insurgentes SAN JEMO MONTERREY,"$13,000",,San Jeronimo
Renta,CASA EN RENTA pet friendly PRIVADAS DE LINDORA ESCOBEDO,"$14,000",112 m²,Privadas de Anáhuac Sector Irlandes
Renta,DEPARTAMENTO EN RENTA POR MITRAS CENTRO y CLINICA 17 IMSS MONTERREY,"$13,000",,Benito Juárez
Renta,CASA EN RENTA LAS LOMAS SECTOR JARDINES GARCIA,"$13,000",119 m²,Las Lomas Sector Jardines
Renta,CASA EN RENTA AMUEBLADA PUERTA DE HIERRO CUMBRES,"$22,500",230 m²,Residencial Puerta de Hierro
Renta,CASA EN RENTA pet friendly amueblada MISION SAN JOSE APODACA,"$12,000",96 m²,Misión San José 1er Sector
Renta,DEPARTAMENTO EN RENTA EQUIPADO CENTRO DE SAN NICOLAS,"$7,000",,Centro
Renta,CASA HABITACION EN RENTA EN ESCOBEDO NL COL. PRIVADAS DEL CANADA / SECTOR ONTARIO /PRIVADA/ESQUINA/,"$19,500",168 m²,Cd Gral Escobedo
Renta,CASA SEMIAMUEBLADA ALMERIA APODACA,"$9,500",,Almería
Renta,Renta Departamento en Santa Catarina en Torre Jardin Secreto cercano a Consulado Americano,"$25,419",,Sin Nombre de Col 25
Renta,CASA EN RENTA pet friendly ESPACIO CUMBRES MONTERREY,"$18,000",150 m²,Monterrey
Renta,DEPARTAMENTO LOFT EN RENTA AMUEBLADO pet friendly CUMBRES ALLEGRO,"$16,000",,Monterrey
Renta,CASA EN RENTA AMUEBLADA por la reserva en CERRADAS SOLÉ GARCIA,"$15,500",115 m²,N.L.
Renta,CASA EN RENTA pet friendly por anillo periférico COLINAS DE SAN JERONIMO,"$40,000",226 m²,Colinas de San Jerónimo
Renta,Casa en renta amueblada en Paraje Santa Rosa Apodaca,"$12,000",,Paraje Santa Rosa
Renta,"DEPARTAMENTO O LOCAL EN RENTA EN SANTA ROSA, APODACA","$6,000",,Santa Rosa
Renta,CASA EN RENTA LAS PUENTES 9o SECTOR EN SAN NICOLAS,"$8,500",120 m²,Las Puetes 9o Sector
Renta,DEPARTAMENTO EN RENTA EN COLINAS DE SAN JERONIMO,"$19,000",,Colinas de San Jerónimo
Renta,HERMOSA CASA EN RENTA EN APODACA,"$10,000",,Bosques de Huinalá
Renta,Casa en Renta en Colinas de San Jerónimo,"$26,500",250 m²,Colinas de San Jerónimo
Renta,"Casa sola en renta en San Pedro Garza Garcia Centro, San Pedro Garza García, Nuevo León","$20,000",147 m²,Casco Urbano
Renta,"PRO5428 Casas en Renta, Jardines de Andalucia en Guadalupe","$9,500",,Sin Nombre de Col 66
Renta,Casa en renta en Valle Azul Apodaca NL sector privado en esquina frente a parque,"$11,500",270 m²,Valle Azul
Renta,Casas Renta General Escobedo Zona Escobedo 69-CR-2194,"$14,500",254 m²,Cd Gral Escobedo
Renta,CASA AMUEBLADA EN RENTA CON TERRENO EXCEDENTE EN CORINTO RDAL APODACA,"$18,000",119 m²,Hacienda del Moro
Renta,DEPARTAMENTO EN RENTA EN CONDOMINIO SAINT ANGELO LINDAVISTA GUADALUPE,"$14,000",100 m²,Torres de Linda Vista
Renta,Departamento en Renta en KYO,"$19,500",80 m²,Centro
Renta,Casa Comercial en Renta Centro,"$25,000",154 m²,Buenos Aires
Renta,Casa uso de suelo Comercial  en Renta en Obispado,"$89,000",447 m²,Obispado
Renta,Casa Comercial en Venta en El Centro,"$8,400,000",387 m²,Venustiano Carranza
Renta,"CASA EN RENTA EN ESTANZA RESIDENCIAL, MTY, N.L.","$30,000",,Pedregal La Silla
Renta,Departamento tipo loft en RENTA Torre LATITUD  VALLE ORIENTE San Pedro Monterrey,"$20,760",,Ampliación Valle del Mirador
Renta,DEPARTAMENTO EN RENTA NUEVA MADERO MONTERREY,"$7,000",,Nueva Madero
Renta,Edificio de Oficinas en Renta en Valle,"$382,280",1006 m²,Del Valle
Renta,Terreno en Venta Colinas del Valle,"$5,600,000",307 m²,Colinas del Valle
Renta,Departamento en Venta en Valle Oriente,"$21,000,000",355 m²,Santa Fe
Renta,Local en Renta en Fleteros,"$42,400",424 m²,San Jeronimo
Renta,Departamento en Venta Cantera,"$6,500,000",101 m²,Colinas de San Jerónimo
Renta,Departamento en Renta en Cantera,"$35,000",135 m²,Colinas de San Jerónimo
Renta,Casa en Renta Lagos del Vergel,"$150,000",2500 m²,Campestre Bugambilias
Renta,Local en Renta en Gonzalitos,"$82,340",397 m²,San Jeronimo
Renta,Zona Tec de Monterrey Bonito Depa de 1 Recamara y excelentes amenidades,"$22,000",,Lth
Renta,Bonito departamento equipado-1 Recamara en zona Tec,"$22,000",,Ladrillera
Renta,Depa en nuevo sur de 1 Recamara a 5 min del Tec de Monterrey,"$22,000",,Ladrillera
Renta,"PRO5457 Casas en Renta, Ampliación Valle del Mirador en San Pedro Garza Garcia","$24,000",300 m²,Valle del Mirador
Renta,RENTA de DEPARTAMENTO Amueblado Tipo LOFT Zona Contry MONTERREY Nuevo Leon,"$11,000",50 m²,Pedregal La Silla
Renta,Casa en Renta en Valle,"$45,000",500 m²,Del Valle
Renta,Casa en Renta en Cumbres Montenova,"$14,500",112 m²,N.L.
Renta,Departamento en Renta en Lindavista,"$18,000",94 m²,Torres de Linda Vista
Renta,Departamento - Residencial Santa Fé,"$18,000",,Los Cristales 1er Sector
Renta,Departamento en Renta en Metropolitan,"$50,000",137 m²,Valle Oriente
Renta,Departamento en Renta Obispado,"$22,100",50 m²,Obispado
Renta,Departamento en Renta en Punto Central,"$130,000",586 m²,Del Valle
Renta,HERMOSA QUINTA CON CASA EN RENTA MARIN NUEVO LEON,"$20,000",,Marín
Renta,CASA EN RENTA equipada y pet friendly MITRAS BICENTENARIO GARCIA,"$8,000",73 m²,Mitras Bicentenario
Renta,DEPARTAMENTO EN RENTA EN TORRE NAVE 01 APODACA NL,"$15,000",,El Milagro
Renta,Casa en Renta en Cumbres Madeira,"$23,000",144 m²,Cumbres Madeira
Renta,Casa en Renta en Villas  la Rioja,"$26,000",220 m²,Monterrey
Renta,Departamento en renta en San Jerónimo,"$16,000",95 m²,San Jeronimo
Renta,"PRO5494 Departamentos en Renta, Villa del Río en Monterrey","$10,000",,Villa del Río
Renta,"PRO5491 Departamentos en Renta, Buenos Aires en Monterrey","$9,000",40 m²,Paraíso
Renta,"PRO5477 Casas en Renta, Contry Sol en Guadalupe","$32,000",250 m²,Rincón del Contry
Renta,Departamentos Renta Monterrey  27-DR-4539,"$26,000",100 m²,Monterrey
Renta,Departamento Amueblados San Pedro,"$25,000",,Casco Urbano
Renta,CASA EN RENTA EN MISION GUADALUPE NL,"$12,000",,Arboledas del Oriente
Renta,DEPARTAMENTO EN RENTA EN TORRE NAVE 01 APODACA NL,"$15,000",,El Milagro
Renta,CASA EN RENTA EN VALLE DEL SUALDERO APODACA NL,"$10,500",,Valle del Salduero
Renta,DEPARTAMENTO EN RENTA EN SATELITE MIRADORES MTY,"$18,000",,Satélite Miradores
Renta,DEPARTAMENTO EN RENTA EN TORRE HISTORICAH ZONA CENTRO MTY NL,"$24,500",,Centro
Renta,DEPARTAMENTO EN RENTA EN TORRE CATEHUA MTY NL,"$16,000",,Sin Nombre de Col 20
Renta,DEPARTAMENTO EN RENTA EN TORRE NAVE 01 APODACA NL,"$16,500",,El Milagro
Renta,"CASA EN RENTA EN KATAVIA RESIDENCIAL, APODACA, N.L.","$18,500",,N.L.
Renta,"DEPARTAMENTO EN RENTA EN LIVING SAN NICOLAS, N.L.","$15,000",,San Nicolás de los Garza
Renta,Casa - Valle del Salduero,"$10,500",,Valle del Salduero
Renta,"DEPARTAMENTO EN RENTA EN TORRE NAVE 01, APODACA, N.L.","$15,000",,El Milagro
Renta,"DEPARTAMENTO EN RENTA EN LIVING SAN NICOLAS, N.L.","$16,000",,San Nicolás de los Garza
Renta,RENTA DE CASA CONTRY SOL GUADALUPE N.L.,"$32,000",250 m²,Contry Sol
Renta,CASA EN RENTA APODACA,"$9,000",130 m²,N.L.
Renta,Departamento TEC,"$11,000",,Monterrey
Renta,"DEPARTAMENTO EN RENTA EN TORRE NAVE 01 APODACA, N.L.","$15,000",,Cd Apodaca
Renta,"DEPARTAMENTO EN RENTA EN TORRE CATEHUA, MTY, N.L.","$16,000",,Regina
Renta,"CUARTO COMPATIDO EN RENTA EN ZONA TEC. MONTERREY, N.L.","$11,000",,Alta Vista
Renta,PENTHOUSE  EN RENTA EN EL SEMILLERO  CENTRO DE MONTERREY DOBLE ALTURA,"$21,000",,Centro
Renta,"DEPARTAMENTO EN RENTA EN CATEHUA, MONTERREY, N.L.","$18,500",,Regina
Renta,Casas Renta Apodaca  24-CR-6624,"$12,500",112 m²,Cd Apodaca
Renta,CASA EN VENTA COLONIA CONTRY LA SILLA  MONTERREY N L.,"$8,990,000",400 m²,Contry La Silla 7o Sector
Renta,Departamento en renta 1 recamara Torre Latitud  zona valle oriente San Pedro,"$22,580",,Haciendas de La Sierra
Renta,DEPARTAMENTO EN RENTA EN LIVING SAN NICOLAS NL,"$15,000",,Azteca
Renta,"CUARTO EN RENTA EN ZONA TEC. MONTERREY, N.L.","$11,000",,Tecnológico
Renta,DEPARTAMENTO EN RENTA EN CATEHUA MTY NL,"$18,500",,Sin Nombre de Col 20
Renta,CASA EN RENTA EN KATAVIA RESIDENCIAL APODACA NL,"$18,500",,N.L.
Renta,LOFT O SUITE  LUJO NUEVO AMUEBLADO PET FRENDLY 1 ESTACIO BAÑO COCINETA MITRAS SUR MTY,"$12,500",,Mitras Sur
Renta,CASA EN RENTA EN CUMBRES ALLEGRO,"$18,500",,Monterrey
Renta,"DEPARTAMENTO EN RENTA EN SAN PEDRO, NL","$46,500",,Valle Oriente
Renta,"Casa en renta  Amueblada en Real de San Agustín , San Pedro Garza Garcia","$38,000",180 m²,Santa Fe
Renta,"Departamento en Renta en Santa Fe Living, Guadalupe Nuevo León.","$16,500",,Dos de Junio
Renta,"Departamento en Renta en Santa Fe Living, Fraccionamiento Privado.","$17,500",,La Fe
Renta,CASA EN RENTA SIERRA ALTA ZONA CARRETERA NACIONAL MONTERREY,"$55,000",700 m²,Rincon del Valle Alto
Renta,CASA EN RENTA EN GUADALUPE NUEVO LEON,"$13,999",,Azteca
Renta,Casa en renta Apodaca Centro Aeropuerto,"$14,000",,Cd Apodaca
Renta,"CASA EN RENTA EN ESTANZA RESIDENCIAL, MTY, N.L.","$30,000",,Pedregal La Silla
Renta,LZ RENTA DE CASA EN PRIVALIA HUINALA,"$7,500",96 m²,Privalia Huinalá
Renta,"PRO4634 Departamentos en Renta, Contry la Silla en Guadalupe","$9,000",,Sin Nombre de Col 59
Renta,Depa en RENTA 1 rec 1 baño Centro Monterrey Torre La Capital,"$19,868",,Centro
Renta,DEPARTAMENTO EN RENTA cerca ruiz cortines NUEVA LINDAVISTA GUADALUPE,"$10,500",,Nueva Linda Vista
Renta,DEPARTAMENTO EN RENTA cerca ruiz cortines NUEVA LINDAVISTA  GUADALUPE,"$8,000",,Nueva Linda Vista
Renta,CASA EN RENTA por dominio cumbres PRIVALIA CUMBRES GARCIA,"$16,000",120 m²,Privalia Cumbres
Renta,CASA EN RENTA pet friendly REAL DE SAN MIGUEL GUADALUPE,"$11,000",90 m²,Real de San Miguel
Renta,DEPARTAMENTO DE 2 REC EN NUEVO SUR,"$27,900",1 m²,Ladrillera
Renta,LOFT O SUITE  LUJO NUEVO AMUEBLADO PET FRENDLY 1 ESTACIO BAÑO COCINETA MITRAS SUR MTY,"$12,500",100 m²,Mitras Sur
Renta,Departamento en RENTA amueblando T. arcangeles valle oriente  san pedro,"$69,000",,Zona Loma Larga Poniente
Renta,Casas Renta Guadalupe  62-CR-1806,"$19,000",225 m²,Villa de San Miguel
Renta,Departamentos Renta San Pedro Garza García  62-DR-1844,"$18,000",33 m²,San Pedro Garza García
Renta,Departamentos Renta San Pedro Garza García Zona Valle 62-DR-1842,"$17,500",28 m²,Fuentes del Valle
Renta,Departamentos Renta San Pedro Garza García  62-DR-1843,"$18,000",32 m²,Fuentes del Valle
Renta,Casas Renta García Zona Cumbres 62-CR-1863,"$17,500",126 m²,N.L.
Renta,Casas Renta García Zona García 62-CR-1869,"$11,900",105 m²,N.L.
Renta,Casas Renta García Zona Cumbres 62-CR-1884,"$14,500",112 m²,N.L.
Renta,Casas Renta Monterrey Zona Cumbres 62-CR-1886,"$21,500",144 m²,Monterrey
Renta,Departamentos Renta Monterrey Zona Centro 62-DR-1889,"$11,000",37 m²,Industrial
Renta,Departamentos Renta San Pedro Garza García  62-DR-1899,"$38,000",160 m²,Zona Loma Larga Oriente
Renta,Casas Renta San Nicolás de los Garza  62-CR-1905,"$9,000",180 m²,Sin Nombre de Col 15
Renta,DEPARTAMENTO EN RENTA EN TORRE NAVE 01 APODACA NL,"$15,000",,El Milagro
Renta,Casa Cumbres Samsara Garcia Nuevo Leon,"$17,000",,N.L.
Renta,"PRO5500 Casas en Renta, Terrazas en Guadalupe","$12,000",105 m²,Lomas de San Roque
Renta,Casas Renta Monterrey  62-CR-1945,"$17,500",133 m²,Monterrey
Renta,Casas Renta General Escobedo Zona Escobedo 62-CR-1950,"$14,500",135 m²,Privadas de Anáhuac
Renta,Departamentos Renta Monterrey Zona Cumbres 62-DR-1959,"$24,000",123 m²,San Jerónimo
Renta,Casas Renta Monterrey Zona Cumbres 62-CR-1968,"$20,000",144 m²,Monterrey
Renta,Departamentos Renta Monterrey  62-DR-1967,"$12,300",81 m²,Del Maestro
Renta,Casas Renta García Zona Cumbres 62-CR-1972,"$17,900",126 m²,N.L.
Renta,DEPARTAMENTO ZONA VALLE A 2 CDAS LAZARO CARDENAS RESIDENCIAL SAN AGUSTIN SAN PEDRO GZA GCIA NL,"$25,000",130 m²,Residencial San Agustín 1er Sector
Renta,Casa en renta en Mitras Poniente Sector Jordan 4 recámaras,"$12,000",,Mitras Poniente
Renta,Departamento en renta en Balcones de las Puentes 2 recámaras,"$7,300",,Balcones de las Puentes
Renta,RENTA DEPARTAMENTO CENTRO ENTREGA INMEDIATA 2022,"$20,000",,Centro
Renta,RENTA DEPARTAMENTO CENTRO ENTREGA INMEDIATA 2022,"$18,000",,Centro
Renta,DEPARTAMENTO EN RENTA NUEVO SUR MONTERREY SEMIEQUIPADO DISPONIBLE EN OCT 22,"$21,000",,Ladrillera
Renta,Renta Departamento Fuentes del Valle San Pedro Garza Garcia,"$18,000",,Fuentes del Valle
Renta,RENTA DEPARTAMENTOS EN  ZONA CENTRO A 5 MIN DEL TEC AREA CENTRO SANTA LUCIA MONTERREY NL,"$14,493",,Centro
Renta,Renta Departamento Loft con Terraza  Paseo Santa Lucía a 6 minutos TEC de Mty,"$17,230",,Centro
Renta,Renta Departamento 2 Recamaras Zona Centro Santa Lucia Monterrey a 6 minutos Tec ITESM,"$21,300",,Centro
Renta,"APROVECHA ULTIMO  DEPARTAMENTO 1 RECAMARA NUEVO SUR, MONTERREY, N.L. (NO AMUEBLADO) SOLO EQUIPADO","$19,400",,Ladrillera
Renta,RENTA DEPARTAMENTO EN VALLE ORIENTE SAN PEDRO GARZA GARCIA NUEVO LEON,"$20,761",,Haciendas de La Sierra
Renta,Departamento - Apodaca Centro,"$5,500",,Apodaca Centro
Renta,PROXIMAMENTE RENTA CASA LOS NOGALES  SANTIAGO NL  CARRETERA NACIONAL  CERCA DEL  STOCK AND WOODS ...,"$32,000",,Los Querubines
Renta,Departamento en RENTA 2 Rec 1 Baños NO AMUEBLADO La Capital Centro Monterrey,"$21,428",,Centro
Renta,CASA EN RENTA EN APODACA ALTARIA RESIDENCIAL EQUIPADA CON TERRENO EXCEDENTE,"$11,500",1 m²,Sebastián Elizondo II
Renta,CASA EN RENTA pet friendly CERRADAS DE CUMBRES MONTERREY,"$14,600",129 m²,Cerradas de Cumbres
Renta,RENTA  DEPARTAMENTO VALLE ORIENTE TODO INCLUIDO SAN PEDRO GARZA GARCIA NL,"$18,450",,Residencial San Agustín 1er Sector
Renta,Renta Casa La Joya Residencial Monterrey Nuevo Leon a 7 Minutos Esfera,"$35,000",,La Joya Privada Residencial
Renta,RENTA DEPARTAMENTOS VALLE OTE SAN PEDRO GARZA GARCIA,"$18,450",,Residencial San Agustín 1er Sector
Renta,"RENTA DEPARTAMENTOS EN  ZONA CENTRO, A 5 MIN DEL TEC, AREA CENTRO-SANTA LUCIA, MONTERREY, N.L.","$14,500",,Centro
Renta,DEPARTAMENTO EN RENTA VALLE ORIENTE,"$22,600",,Haciendas de La Sierra
Renta,"RENTA LOFT DEPARTAMENTOS AMUEBLADO ZONA CENTRO, MONTERREY, NL","$10,000",,Centro
Renta,DEPARTAMENTO EN RENTA SAN JEMO,"$19,000",,Colinas de San Jerónimo 4o. Sector
Renta,Departamento en renta en Costa Hermosa 2 recámaras,"$1,250
                    
                        USD",,Colinas de San Jerónimo 1o. Sector
Renta,RENTA DEPARTAMENTOS  3 RECAMARAS ZONA CENTRO A 6 MIN DEL TEC  MONTERREY NUEVO LEON,"$27,000",,Centro
Renta,Renta Departamentos en El Centro de Monterrey Edificio Urbania,,48 m²,Centro
Renta,Casa en Privada,"$20,000",150 m²,Monterrey
Renta,Casa en renta colonia Roma Monterrey Nuevo León Zona Sur Zona Tec Tec,"$20,000",200 m²,Roma
Renta,Departamento en renta Las Brisas Monterrey Nuevo León Zona Sur,"$13,500",,Las Brisas 9o. Sector
Renta,CASA CONTRY SILLA,"$55,000",452 m²,Contry La Silla 4o Sector
Renta,Departamento en Renta en Zona sur de Monterrey,"$23,000",,Centro
Renta,"Casa en venta en la joya, zona sur carretera Nacional.","$11,800,000",371 m²,Sin Nombre de Col 54
Renta,"Casa en Renta en Jardines de San Patricio, Apodaca","$9,800",105 m²,Jardines de San Patricio
Renta,"Renta de Casa en colonia Azteca Guadalupe, Nuevo León","$9,500",,Azteca
Renta,Casa en Renta las Palmas Guadalupe - 7933,"$7,500",,Las Palmas
Renta,"Departamento en Renta Zona Contry Remodelado Monterrey, Nuevo León","$14,500",,Contry
Renta,Casa en Renta Amueblada en El Uro,"$99,000",2000 m²,Col. El Uro
Renta,Zona Tec -Departamento de 1 Recamara con excelentes amenidades,"$22,000",,Lth
Renta,Departamento Amueblado en Centro de Guadalupe Nuevo Leon,"$19,500",,Guadalupe
Renta,"Departamento en renta amueblado, Valle oriente","$150,000",,La Muralla
Renta,Se Renta Deapartamento,"$7,500",,Los Sauces 2o Sector
Renta,Departamento en RENTA equipado en buena zona de Monterrey.,"$11,000",100 m²,Centrika
Renta,LOFTS EN RENTA ZONA DEL VALLE,"$17,000",,San Pedro Garza García
Renta,Casa - Francisco I Madero,"$22,000",,Centro
Renta,Casa - Privadas Del Parque,"$12,000",,Titan S.a.
Renta,CASA EN RENTA,"$12,000",,Las Lomas Sector Bosques
Renta,CASA EN RENTA EN LOMAS DE SANTA CECILIA MONTERREY,"$6,500",90 m²,Lomas de Santa Cecilia
Renta,DEPARTAMENTO EN RENTA VALLE PONIENTE ZONA SANTA CATARINA,"$36,000",,Santa Catarina
Renta,CASA RENTA AMUEBLADA APODACA NL,"$13,000",120 m²,N.L.
Renta,CF1125 OFICINAS EN RENTA COL. OBRERA MONTERREY,"$13,000",,Obrera
Renta,"PRO1357 Departamentos en Renta, Fuentes del Valle en San Pedro Garza Garcia","$18,000",,Fuentes del Valle
Renta,Departamentos Renta San Pedro Garza García Zona Valle 27-DR-2709,"$38,000",150 m²,Zona Jerónimo Siller
Renta,Departamentos Renta Monterrey Zona Obispado 24-DR-4849,"$34,915",35 m²,Centro
Renta,DEPARTAMENTOS AMUEBLADOS EN RENTA - Garza sada 1892 - TEC - CONTRY,"$11,502",,Sin Nombre de Col 42
Renta,"PRO1039 Departamentos en Renta, San Jeronimo en Monterrey","$19,000",,San Jerónimo
Renta,DEPARTAMENTO DE LUJO VISTA HERMOSA 2,"$24,500",,Monterrey
Renta,Departamentos Renta San Pedro Garza García Zona Fuentes del Valle 24-DR-4036,"$17,000",2000 m²,El Obispo
Renta,Departamentos Renta Monterrey Zona Obispado 24-DR-4850,"$38,913",35 m²,Centro
Renta,Departamentos Renta San Pedro Garza García Zona Valle 24-DR-4036,"$18,000",2000 m²,Fuentes del Valle
Renta,Casa en renta en Valle de Huinalá Apodaca Nuevo León a 5 min de Metalsa,"$6,000",105 m²,Valle de Huinala ÌII
Renta,DEPARTAMENTO EN VENTA EN TORRE NAVE APODACA NL,"$2,200,000",,El Milagro
Renta,DEPARTAMENTO EN RENTA SEMIEQUIPADO MITRAS NORTE,"$18,500",,Mitras Centro
Renta,Departamentos Renta Monterrey Zona Obispado 24-DR-4851,"$43,463",35 m²,Centro
Renta,Departamentos Renta San Pedro Garza García Zona Valle 27-DR-2965,"$38,000",150 m²,Zona Jerónimo Siller
Renta,Departamentos Renta San Pedro Garza García Zona Valle 27-DR-3415,"$75,000",201 m²,Santa Fe
Renta,Departamentos Renta San Pedro Garza García Zona Valle 27-DR-3416,"$75,000",201 m²,Zona San Agustín
Renta,Departamentos Renta San Pedro Garza García Zona Valle 27-DR-3421,"$25,800",100 m²,Zona Jerónimo Siller
Renta,Departamento en renta amueblado y equipado en Valle Poniente ID 27 DR  3776 Ideal para ejecutivos,"$17,800",60 m²,Santa Catarina
Renta,Departamentos Renta Monterrey Zona San Jerónimo 27-DR-3770,"$23,000",160 m²,San Jerónimo 2o. Sector
Renta,Departamentos Renta Monterrey Zona Centro 33-DR-783,"$20,000",66 m²,Regina
Renta,CASA EN RENTA semi AMUEBLADA ELITE SAN FRANCISCO JUAREZ,"$7,000",90 m²,N.L.
Renta,CASA EN RENTA  CUMBRES SEXTO D,"$24,000",190 m²,Cumbres Elite 7o. Sector
Renta,Casa  en Renta Calzadas de Anáhuac,"$17,000",,N.L.
Renta,SUITES INDIVIDUALES EQUIPADAS EN RENTA EN FUENTES DEL VALLE,"$17,000",,Fuentes del Valle
Renta,SUITES AMUEBLADAS EN RENTA EN FUENTES DEL VALLE,"$17,500",,Del Valle
Renta,"Casa en renta, Privada Cumbres, Sector Lomas","$30,000",130 m²,N.L.
Renta,Espectacular Casa en Renta,"$140,000",3497 m²,Centro
Renta,CASA EN RENTA RINCÓN DE LA SIERRA DOMINIO CUMBRES,"$15,000",,Dominio Cumbres
Renta,CASA EN RENTA EN PUERTA DE HIERRO,"$17,000",135 m²,Monterrey
Renta,Se renta casa en las lomas,"$10,000",,Las Lomas Sector Bosques
Renta,Casas Renta Apodaca Zona Apodaca 24-CR-6459,"$22,500",165 m²,Cd Apodaca
Renta,CASA EN RENTA APODACA EX HACIENDA SAN FRANCISCO,"$6,900",90 m²,Ex Hacienda San Francisco
Renta,Casa en renta Valle Azul Apodaca Nuevo León lista para habitar,"$8,500",112 m²,Valle Azul
Renta,Casa en renta en Valle Azul Apodaca amueblada ideal para 5 personas,"$12,500",105 m²,Valle Azul
Renta,"Casa en Renta Amueblada Santoral 4 habitaciones, García","$23,000",,N.L.
Renta,DEPARTAMENTO COLONIA DOCTORES TORRE VIVERO MONTERREY.,"$24,200",,Monterrey
Renta,Casa en renta en Col. Florida,"$12,000",,La Florida
Renta,CASA EN RENTA EN COL. CENTRIKA EN MONTERREY,"$13,000",,Centrika
Renta,Casa en Renta Colonia Cerradas de Anahuac Escobedo N.L.,"$13,500",105 m²,Cerrada de Anáhuac Residencial
Renta,"RENTA CASA LOS RINCONES RESIDENCIAL, ESCOBEDO $10,000","$10,000",115 m²,Sin Nombre de Col 15
Renta,CASA EN RENTA EN ALTABRISA APODACA NL,"$13,500",119 m²,Cd Apodaca
Renta,PENTHOUSE EN RENTA O VENTA EN MICROPOLIS MONTERREY,"$65,000",,Más Palomas (Valle de Santiago)
Renta,CASA EN RENTA EN JACARANDAS APODACA NL,"$18,500",,Jacarandas
Renta,Se Renta Departamento,"$6,800",30 m²,Casco Urbano
Renta,CASA EN RENTA cerca valle verde LOS CEDROS MONTERREY,"$30,000",360 m²,Los Cedros
Renta,CASA EN RENTA cerca DOMINIO CUMBRES PRIVALIA CUMBRES GARCIA,"$14,500",119 m²,Privalia Cumbres
Renta,"Departamento en renta en Amo Living Monterrey, Nuevo León","$18,500",,Mitras Centro
Renta,"Departamento en renta en Amo Living, Mitras Centro, Monterrey Nuevo León","$20,000",,Mitras Centro
Renta,"Casa en renta en Privadas Borneo, Apodaca, Nuevo León","$15,500",120 m²,Moderno Apodaca II
Renta,Departamento en Renta en Linda Vista,"$18,000",,Torres de Linda Vista
Renta,"Casa Amueblada y Equipada para Empresas, Dream Lagoons Apodaca NL","$17,500",120 m²,Cd Apodaca
Renta,"Casa en Renta, Privadas Lindora, Escobedo N.L.","$14,500",120 m²,Privadas de Anáhuac Sector Irlandes
Renta,CASA EN RENTA AMUEBLADA COLONIA DEL VALLE SAN PEDRO,"$180,000",400 m²,Del Valle
Renta,"CASA EN RENTA EN COL. ALMERIA, APODACA . MUY CERCA DEL AEROPUERTO !!!","$14,000",120 m²,Mirador del Topo - Fundadores
Renta,DEPARTAMENTO EN RENTA EL LECHUGAL SANTA CATARINA,"$22,500",,El Lechugal
Renta,Departamento tipo loft en RENTA Torre LATITUD  VALLE ORIENTE San Pedro Monterrey,"$20,760",,Ampliación Valle del Mirador
Renta,Casa en Renta Puerta de Hierro Monterrey,"$23,000",,Monterrey
Renta,1 Recamara centro de Monterrey con excelentes amenidades,"$19,027",,Centro
Renta,Departamento en Renta Amueblado en Nave 01 Apodaca Nuevo León,"$14,000",,Cd Apodaca
Renta,Departamento en Renta Amueblado en Living San Nicolas,"$17,000",,San Nicolás de los Garza
Renta,Departamento en Renta de lujo en Saqqara sin muebles San Pedro,"$150,000",,Zona Santa Engracia
Renta,Departamento en renta amueblado en kyo constella.,"$16,000",,Industrial
Renta,"Departamento en Renta, equipado, en Kyo Constella","$15,000",,Acero
Renta,"Casa en Renta Bello Amanecer, Guadalupe, N.L.","$8,000",112 m²,Bello Amanecer Residencial
Renta,Loft en Renta en Nexxus Cristal Escobedo N.L.,"$7,500",,Nexxus Secc Rubí
Renta,Departamento en Historicah de 3 Recámaras,"$27,000",,Centro
Renta,Departamento Renta  Sin Muebles Saqqara  Valle del campestre  San  Pedro Garza,"$65,000",,Zona Santa Engracia
Renta,Casa en Renta Amueblada  PARA EMPRESA  Dream Lagoons,"$18,500",148 m²,Pueblo Nuevo V
Renta,Departamento  en renta  en linda vista  guadalupe nuevo leon,"$10,000",,Torres de Linda Vista
Renta,"Casa Renta en Fraccionamiento Privado Cerradas de Casa Blanca,  San Nicolas","$14,500",,Palmas Diamante
Renta,Departamento en Crystal Lagoons  para ejecutivo en Renta Apodaca N.L,"$20,000",,Dream Lagoons
Renta,"Casa en Renta en Privadas de Anánáhuac,  Sector Irlandés, Escobedo","$13,500",120 m²,Privadas de Anáhuac Sector Irlandes
Renta,Casa en renta sin muebles en Anahuac la pergola,"$12,000",119 m²,N.L.
Renta,Departamento en Renta Torre Luz,"$19,000",,Mitras Centro
Renta,Departamento en Renta en San Jerónimo.,"$15,000",,Colinas de San Jerónimo
Renta,Departamento en Renta en Valle de San Carlos frente a SORIANA STO DOMINGO,"$5,500",,Sin Nombre de Col 17
Renta,"Casa en Renta, Apodaca, Nuevo León","$16,000",135 m²,Cd Apodaca
Renta,DEPARTAMENTO EN RENTA  EQUIPADO EN TORRE CALIZA DISTRITO DOMO,"$19,000",,El Lechugal
Renta,DEPARTAMENTO EN RENTA EN TORRE NAVE 01 APODACA NL,"$15,000",,El Milagro
Renta,"PRO5500 Casas en Renta, Terrazas en Guadalupe","$12,000",105 m²,Lomas de San Roque
Renta,CASA EN RENTA EN SAN NICOLAS,"$8,500",,Constituyentes de Queretaro 5o Sector
Renta,Casas Renta Apodaca Zona Apodaca 69-CR-2235,"$8,000",102 m²,N.L.
Renta,Casas Renta Apodaca Zona Apodaca 69-CR-2248,"$11,000",141 m²,Hacienda Las Palmas II
Renta,Fracc. Vistancia Residencial -CARRETERA NACIONAL- Casa en Renta Monterrey Zona Sur,"$27,000",200 m²,Vistancia
Renta,"Departamento en Renta -MUY CERCA DEL TEC DE MONTERREY - Col. Paraíso, Gpe.","$8,900",,Paraíso
Renta,"Departamento en Renta -MUY CERCA DEL TEC DE MONTERREY - Col. Paraíso, Gpe.","$10,900",,Paraíso
Renta,Los Castaños Privada Residencial -Casa en Renta/Venta- CENTRO DE APODACA N.L.,"$11,700",140 m²,Cd Apodaca
Renta,Col. Vistancia del Vergel -CARRETERA NACIONAL- Casa en Venta/Renta Monterrey Zona Sur,"$42,500",210 m²,Monterrey
Renta,Katavia Residencial -CASA NUEVA EN RENTA- Rinconada Colonial en Apodaca Fracc. Privado,"$14,000",,N.L.
Renta,Carolco Residencial -CARRETERA NACIONAL- Casa en Renta Monterrey Zona Sur,"$40,000",250 m²,Monterrey
Renta,"Departamento Amueblado en Renta - Metropolitan Center, Zona San Agustín en San Pedro","$55,000",,Santa Fe
Renta,"Departamento en Renta, Col. Cumbres 5to Sector en Monterrey N.L.","$10,500",,Cumbres Elite 7o. Sector
Renta,"METROPOLITAN CENTER - Departamento en Renta, San Pedro Garza García 126 m2","$45,000",,Santa Fe
Renta,LOMAS DEL ROSARIO,"$168,000",1077 m²,Lomas del Rosario
Renta,CASA EN RENTA EN CUMBRES MONTICELLO,"$15,600",120 m²,Dominio Cumbres
Renta,"Casa en Renta, Monterrey, Nuevo León","$18,000",133 m²,Cumbres Madeira
Renta,Departamento En Renta Centro Monterrey,"$20,500",113 m²,Centro
Renta,CASA EN RENTA EN LAS HADAS CERCA DE AVE CONCORDIA ESCOBEDO NL,"$12,000",90 m²,Las Hadas
Renta,CASA EN RENTA EN CUMBRES PROVENZA SECTOR TERRA 3 DOMINIO CUMBRES,"$12,000",112 m²,Dominio Cumbres
Renta,CASA AMUEBLADA EN RENTA EN CUMBRES ELITE SECTOR VILLAS,"$25,000",144 m²,"Cumbres Elite, Sector Villas"
Renta,CASA EN VENTA EN FRACCIONAMIENTO LOS COMETAS JUAREZ NL,"$620,000",97 m²,Arboledas de San Roque
Renta,Departamento en Renta Monterrey Centro,"$9,000",,Maria Luisa
Renta,Departamento loft en RENTA Torre La Capital zona centro Monterrey,"$14,050",,Centro
Renta,CASA EN RENTA pet friendly CERRADAS DE CUMBRES MONTERREY,"$14,600",129 m²,Cerradas de Cumbres
Renta,CASA EN RENTA EN LOS PARQUES DIAMANTE GARCIA,"$5,000",80 m²,Parques Diamante
Renta,CASA EN RENTA AMUEBLADA SANTA CECILIA 2o SECTOR SANTA CATARINA,"$11,500",112 m²,Sta Cecilia
Renta,CUARTOS EN COLIVING EN RENTA EN VALLE DEL NOGALAR SAN NICOLAS,"$5,000",,Valle del Nogalar
Renta,Casa en Renta Cumbres San Agustín 1er. Sector,"$12,000",,Cumbres San Agustín
Renta,RENTA DEPTO PLANTA ALTA MITRAS NORTE ESTUDIANTES,"$10,500",90 m²,Mitras Nte.
Renta,DEPARTAMENTO LOS NOGALES,"$120,000",,Del Valle
Renta,DEPARTAMENTO  TORRE DEL ANGEL,"$150,000",,Valle de San Angel Sector Francés
Renta,DEPARTAMENTO EN RENTA TORRE SOFIA,"$150,000",,Valle del Campestre
Renta,CASA EN RENTA PRIVADA CODORNICES EN SAN PEDRO GARZA GARCIA N.L.,"$100,000",488 m²,Zona La Cima
Renta,Casa en Renta. - Bosques del Poniente SANTA CATARINA,"$16,000",120 m²,Bosques del Poniente
Renta,"Casa en condominio en renta en Puerta de Anáhuac, General Escobedo, Nuevo León","$12,500",125 m²,Cd Gral Escobedo
Renta,"DEPARTAMENTOS RENTA ,GUADALUPE,N.L.","$16,000",,Guadalupe
Renta,"CASA EN RENTA EN PASEO DE CUMBRES, MONTERREY, N.L.","$14,000",,Cumbres Elite 7o. Sector
Renta,LOFT EN RENTA  COLONIA LOMAS (CHEPEVERA,"$8,500",,Lomas
Renta,CASA EN RENTA RINCON DE LA PRIMAVERA ZONA MONTERREY SUR,"$22,500",200 m²,Rincon De La Primavera
Renta,"DEPARTAMENTO LATITUD EN VALLE ORIENTE, SAN PEDRO GARZA GACÍA","$19,500",75 m²,Valle Oriente
Renta,"Departamento en Renta en Kyo Aluna, Monterrey Centro","$22,000",,Centro
Renta,CASA EN RENTA AMUEBLADA EN MONTERREY POR BARRAGAN,"$17,500",200 m²,Lomas de Anáhuac
Renta,RENTA DE DEPARTAMENTO EN PRIVADA CUMBRES,"$11,500",,Estrella
Renta,CASA EN RENTA EN COL. MITRAS CENTRO EN MONTERREY,"$20,000",,Mitras Centro
Renta,CASA EN RENTA BOSQUES DE LAS CUMBRES 1er SECTOR,"$30,000",,Bosques de Las Cumbres
Renta,Deparatmento Loft con excelentes amenidades,"$14,700",,Centro
Renta,"DEPARTAMENTO EN RENTA COMPLETAMENTE AMUEBLADO EN BOSQUES DE LA PASTORA, GPE, NL","$15,000",,Bosques de La Pastora 2o Sector
Renta,Casas Renta Juárez Zona Juárez 40-CR-6766,"$7,000",90 m²,Portal de Juarez
Renta,"Exclusivo departamento céntrico, nuevo, amplio y muy iluminado.-84003","$23,000",,Acero
Renta,Departamento en renta Nueva Lindavista Guadalupe Nuevo León Equipado,"$10,000",,Nueva Linda Vista
Renta,Departamento en Renta Zona Cumbres,"$7,000",1 m²,Villa Dorada
Renta,DEPARTAMENTO EN RENTA EN FUENTES DEL VALLE,"$30,000",,Fuentes del Valle Sector 7
Renta,VALLE DEL CAMPESTRE,"$110,000",,Valle del Campestre
Renta,"RENTA DE CASA FUENTES DE ANAHUAC, EN SAN NICOLAS DE LOS GARZA, NUEVO LEON.","$12,000",,Fuentes de Anáhuac
Renta,CASA EN RENTA AMUEBLADA MONTERREY NUEVO LEON EX HACIENDA EL ROSARIO,"$9,500",102 m²,N.L.
Renta,"DEPARTAMENTO EN RENTA CUMBRES 1ER. SECTOR,MONTERREY,N.L.","$16,500",,Cumbres 1º Sector
Renta,CASA RENTA APODACA,"$9,500",,Col. Ventura de Asis II
Renta,DEPARTAMENTO EN RENTA BAKARA,"$23,000",,Santa María
Renta,"RENTA DEPARTAMENTO AMUEBLADO, APODACA","$18,500",,El Milagro
Renta,"CASA RENTA  FRACC. BOSQUE BOREAL,APODACA","$9,000",,Real Hacienda de Huinala
Renta,CASA RENTA BOSQUES DEL CONTRY EN GUADALUPE,"$23,000",,Bosques del Contry Sector B-5
Renta,"CASA EN RENTA COL. RESERVA SAN FRANCISCO, APODACA, N.L.","$12,500",,Cd Apodaca
Renta,"DEPARTAMENTOS RENTA ,GUADALUPE,N.L.","$16,000",,Guadalupe
Renta,"DEPARTAMENTO RENTA COL. CHEPEVERA,MONTERREY","$23,000",,Chepevera
Renta,"CASA EN RENTA EN URBIQUINTA MONTECARLO, SAN NICOLAS DE LOS GARZA","$12,500",,Residencial 1er Sector
Renta,RENTA DE CASA COMPARTIDA,"$3,500",,La Conquista
Renta,"Casa en Renta, Monterrey, Nuevo León","$22,000",144 m²,Centro
Renta,DEPARTAMENTO EN RENTA AMUEBLADO ESCOBEDO,"$11,000",,Escobedo Residencial
Renta,Bonita  Casa en Renta  Cumbres Elite Premier,"$23,000",156 m²,N.L.
Renta,Casa en Renta Semiamueblada Residencial Santa Sofia Apodaca,"$10,400",,Privalia Huinalá
Renta,"CUARTO EQUIPADO EN RENTA SAN PEDRO, GARZA GARCIA, N.L.","$10,000",,Valle del Seminario 2o Sector
Renta,Casa en renta Cerradas Ambar Apodaca NL,"$12,000",90 m²,Moderno Apodaca II
Renta,Casa en renta Las Palmas Apodaca,"$8,000",90 m²,Titan S.a.
Renta,RENTA CASA JARDINES DE CANADA ESCOBEDO,"$10,000",90 m²,Jardines del Cañada
Renta,"CASA EN RENTA  JARDINES DEL CANADA, ESCOBEDO, N.L.","$12,500",90 m²,Jardines del Cañada
Renta,"CASA EN RENTA EN LA LUZ, GUADALUPE, N.L.","$13,500",,La Luz
Renta,Departamentos Renta San Pedro Garza García Zona Valle 33-DR-770,"$100,000",350 m²,Jerónimo Siller
Renta,Departamentos Renta Monterrey Zona Mitras 69-DR-2225,"$18,500",75 m²,Mitras Centro
Renta,Departamentos Renta Monterrey Zona Centro 01-DR-11626,"$13,500",30 m²,Maria Luisa
Renta,Casa en Renta Dream Lagoons Apodaca NL,"$13,000",113 m²,Cd Apodaca
Renta,"RENTA DE CASA FRACCIONAMIENTO LOMBARDIA RESIDENCIAL, EN APODACA, N.L.","$13,500",,Cd Apodaca
Renta,"RENTA DE CASA FRACCIONAMIENTO MANDARA, EN GARCIA, NUEVO LEON.","$9,000",,Los Parques Residencial
Renta,"CASA EN RENTA EN CUMBRES 2DO.SECTOR, EN MONTERREY, N.L.","$80,000",,Cumbres Elite 7o. Sector
Renta,Penthouse en renta en Col. Brisas,"$25,000",,Las Brisas 3o. Sector
Renta,RENTA DE CASA VALLE LA RIOJA APODACA,"$13,500",194 m²,Valle La Rioja
Renta,RENTA DEPARTAMENTO AMUEBLADO EN VALLE SAN PEDRO SPGG,"$120,000",300 m²,Del Valle
Renta,Departamento en renta en Cumbres 3 sector al poniente de Monterrey Nuevo Leon,"$9,000",,Cumbres 2o. Sector Secc C
Renta,Casa en Venta en Paseos de la Herradura,"$45,000",325 m²,Cd Apodaca
Renta,Renta Departamento  Torre Kyo  Constella,"$15,000",,Centro
Renta,Departamentos Renta Monterrey  69-DR-2231,"$20,000",79 m²,Centro
Renta,Casa en Renta Las Hadas Escobedo N.L,"$10,500",,Las Hadas
Renta,CASA HABITACION EN RENTA EN ESCOBEDO NL COL. PRIVADAS DEL CANADA / SECTOR ONTARIO /PRIVADA/ESQUINA/,"$19,500",168 m²,Cd Gral Escobedo
Renta,DEPARTAMENTO AMUEBLADO EN RENTA EN TORRE CENTRIKA ELITE MONTERREY NUEVO LEON,"$22,000",99 m²,Centrika
Renta,Casas Renta Guadalupe Zona Guadalupe 69-CR-2236,"$8,500",105 m²,Jardines de Andalucía
Renta,"Departamento en Renta, Monterrey, Nuevo León","$29,800",1 m²,Centro
Renta,"Departamento en Renta, Monterrey, Nuevo León","$13,811",1 m²,Centro
Renta,"Departamento en Renta, Monterrey, Nuevo León","$19,023",1 m²,Centro
Renta,"Casa en Renta, Monterrey, Nuevo León","$60,000",150 m²,Centro
Renta,"Casa en Renta, Monterrey, Nuevo León","$19,500",178 m²,Centro
Renta,Renta casa en la Encomienda,"$23,000",,N.L.
Renta,Hermosa quinta Portal del Norte,"$32,500",500 m²,Portal de Zuazua
Renta,Loft en Renta en San Pedro,"$17,000",40 m²,Del Valle
Renta,Departamentos Renta San Pedro Garza García Zona Valle 69-DR-2240,"$23,000",62 m²,Haciendas de La Sierra
Renta,Renta Departamento en Torre Luzia,"$28,000",,Centro
Renta,"Departamento en Renta, San Pedro Garza García, Nuevo León","$29,380",1 m²,Valle Oriente
Renta,"Departamento en Renta, San Pedro Garza García, Nuevo León","$22,800",1 m²,Valle Oriente
Renta,"Departamento en Renta, San Pedro Garza García, Nuevo León","$24,100",1 m²,Valle Oriente
Renta,LA NUBE,"$87,000",,Valle del Campestre
Renta,"Casa en Renta, Puerta de Hierro, Monterreyu, Nuevo Leon con alberca en terreno excedente","$30,000",300 m²,Monterrey
Renta,Casa en renta en Nuevo Repueblo Monterrey Nuevo Leon Distrito Tec Garza Sada,"$35,000",439 m²,Nuevo Repueblo
Renta,"Casa en renta, Bosques de las lomas, García, Nuevo León","$13,500",126 m²,Las Lomas Sector Bosques
Renta,Casa con excelentes acabados en Fraccionamiento La Morada Residencial-81524,"$13,550",,Sin Nombre de Col 10
Renta,"Departamento a estrenar de 1 habitación, ubicado en Monterrey Nuevo León-82810","$13,000",,Centro
Renta,Departamentos en Renta Tec Monterrey,"$8,500",,Tecnológico
Renta,Departamento en RENTA Nuevo Sur cerca de tec de monterrey,"$22,000",,Ladrillera
Renta,Casa en Renta Lagos del Vergel,"$55,000",360 m²,Campestre Bugambilias
Renta,Amplia casa en esquina y con terreno excedente en zona Cumbres.-82313,"$13,550",,Las Lomas Sector Jardines
Renta,"Estrena casa en García, cerca de avenida importante y centro comercial.-82857","$4,500",,N.L.
Renta,"Departamento a estrenar de 1 habitación, ubicado en Monterrey Nuevo León-82813","$13,000",,Centro
Renta,Estrena Departamento 2 habitación en Monterrey Nuevo Leon-82814,"$16,000",,Centro
Renta,"Espectacular casa nueva con excelentes acabados, muy iluminada.-83340","$11,400",,Real Hacienda de Huinala
Renta,"Departamento de 3 recámaras, ubicado en San Jerónimo Sector Cumbres-Mty NL-83571","$22,500",,San Jerónimo Sector Cumbres
Renta,"Departamento de 3 recámaras,ubicado en San Jerónimo Sector Cumbres,Mty NL-82808","$22,500",,San Jerónimo Sector Cumbres
Renta,"Departamento a estrenar de 2 habitación, ubicado en Monterrey Nuevo León-82815","$16,000",,Centro
Renta,DEPARTAMENTO EN RENTA EN LIVING SAN NICOLAS MONTERREY NL,"$16,000",,San Nicolás de los Garza
Renta,Renta Departamento  amueblado en Albana Linda Vista,"$22,000",,Guadalupe
Renta,Departamentos Renta Guadalupe  40-DR-6765,"$18,000",94 m²,Ribera de La Purísima
Renta,DEPARTAMENTO EN RENTA EN COL. CENTRO EN MONTERREY,"$16,500",,Industrial
Renta,"Departamento en Renta, Torre La Meseta, Residencial Dinastía","$24,000",,Dinastía
Renta,CASA PARA OFICINA EN RENTA REMODELADA ZONA MITRAS CENTRO MONTERREY NUEVO LEON,"$30,000",200 m²,Mitras Centro
Renta,CASA EN RENTA EN COL. CUMBRES 2 SECTOR,"$19,500",,Cumbres 2o. Sector Secc C
Renta,Se Renta Casa de 1 piso sobre avenida principal en Santa Catarina,"$6,200",90 m²,Real del Valle 1 Sector
Renta,DEPARTAMENTO TIPO LOFT EN RENTA FUENTES DEL VALLE ZONA SAN PEDRO GARZA GARCÍA,"$18,000",,Fuentes del Valle
Renta,DEPARTAMENTO EN RENTA FUENTES DEL VALLE ZONA SAN PEDRO GARZA GARCÍA,"$18,000",,Fuentes del Valle Sector 7
Renta,"Casa - Renta - Villas Del Mirador- Santa Catarina, Nuevo León","$9,500",,Villas del Mirador
Renta,Renta Departamento en multifamiliar con buena ubicación en Monterrey para estar cerca del centro ...,"$13,000",97 m²,Centrika
Renta,DEPARTAMENTO EN RENTA AMUEBLADO ESCOBEDO,"$11,000",,Escobedo Residencial
Renta,"Casa en Renta Amueblada Santoral 4 habitaciones, García","$23,000",,N.L.
Renta,CARRETERA NACIONAL CASA EN RENTA O VENTA RESIDENCIAL CLUB DE GOLF LA HERRADURA.,"$55,000",620 m²,Sin Nombre de Col 51
Renta,Casa En Renta Privada Andalucia,"$11,500",1 m²,Jardines de Andalucía
Renta,Casa Renta Privada Masai,"$10,000",1 m²,Cd Cnop
Renta,Bodega en Renta Col Mirasol,"$26,000",250 m²,Mirasol 1o.
Renta,Casa en Renta en Privada los Alebrijes Escobedo,"$9,900",119 m²,Parque Industrial Escobedo
Renta,Departamentos Renta Guadalupe Zona Guadalupe 40-DR-5790,"$16,000",94 m²,Torres de Linda Vista
Renta,Casas Renta Juárez Zona Juárez 40-CR-5871,"$5,500",90 m²,Fracc Paseo Andaluz
Renta,Departamentos Renta Guadalupe Zona Guadalupe 40-DR-6144,"$18,000",94 m²,Torres de Linda Vista
Renta,Departamentos Renta Monterrey Zona San Jerónimo 40-DR-6277,"$25,000",120 m²,Vista Hermosa
Renta,Quintas Renta Santiago  40-QR-6305,"$32,000",2259 m²,Viento Libre
Renta,Departamentos Renta Monterrey Zona Cumbres 69-DR-2109,"$8,000",75 m²,Valle de Infonavit
Renta,Departamentos Renta Monterrey Zona Cumbres 69-DR-2123,"$15,500",90 m²,Monterrey
Renta,Casas Renta Apodaca Zona Apodaca 69-CR-2165,"$10,600",122 m²,N.L.
Renta,Casas Renta San Pedro Garza García  69-CR-2226,"$41,000",396 m²,Del Valle
Renta,Departamentos Renta Santa Catarina Zona Santa Catarina 06-DR-6314,"$34,000",110 m²,Ventanas a la Huasteca
Renta,Departamentos Renta Santa Catarina Zona Santa Catarina 06-DR-6569,"$7,500",45 m²,Montenegro
Renta,Residencia en Colinas de San Jerónimo,"$60,000",333 m²,Colinas de San Jerónimo 5o. Sector
Renta,"Quinta en venta, El Barrial, Carretera Nacional - Santiago","$39,000",3000 m²,De Huajuquito
Renta,Casa en Renta en Carolco Residencial.,"$44,500",280 m²,Monterrey
Renta,Casa En Renta en la colonia alta Vista Invernadero,"$30,000",,Alta Vista Invernadero
Renta,Casas Renta García Zona García 01-CR-11625,"$15,500",120 m²,N.L.
